{
	"id": "magicitems",
	"title": "Magic Items",
	"description": "Module that adds the ability to create magical items with spells or feats that belong to the item itself, such as staffs or magic wands, which will be automatically inherited from the character who owns the item.",
	"version": "3.0.0",
	"compatibility": {
		"minimum": 10,
		"verified": 10
	},
	"relationships": {
		"systems": [{
			"id": "dnd5e",
			"type": "system",
			"manifest": "https://raw.githubusercontent.com/foundryvtt/dnd5e/master/system.json",
			"compatibility": {
				"verified": "2.0.2"
			}
		}]
	},
	"systems": ["dnd5e"],
	"authors": [{
		"name": "Simone",
		"url": "https://gitlab.com/riccisi/foundryvtt-magic-items"
	}],
	"esmodules": ["magicitems.js"],
	"scripts": [],
	"styles": [
		"./magicitems.css"
	],
	"languages": [{
		"lang": "en",
		"name": "English",
		"path": "./lang/en.json"
	}, {
		"lang": "it",
		"name": "Italian",
		"path": "./lang/it.json"
	}, {
		"lang": "ko",
		"name": "Korean",
		"path": "./lang/ko.json"
	}, {
	    "lang": "pt-BR",
	    "name": "Português (Brasil)",
	    "path": "./lang/pt-BR.json"
	}, {
	    "lang": "fr",
	    "name": "Francais",
	    "path": "./lang/fr.json"
	}, {
	    "lang": "de",
	    "name": "Deutsch",
	    "path": "./lang/de.json"
	}, {
		"lang": "cs",
		"name": "Česky",
		"path": "./lang/cs.json"
	}],
	"packs": [{
		"name": "magicitems",
		"label": "Magic Items",
		"system": "dnd5e",
		"path": "./packs/magic-items.db",
		"type": "Item"
	}, {
		"name": "magicitem-feats",
		"label": "Magic Items: Item Feats",
		"system": "dnd5e",
		"path": "./packs/magic-items-item-feats.db",
		"type": "Item"
	}, {
		"name": "magicitem-tables",
		"label": "Magic Items: Item Tables",
		"system": "dnd5e",
		"path": "./packs/magic-items-item-tables.db",
		"type": "RollTable"
	}],
	"url": "https://gitlab.com/riccisi/foundryvtt-magic-items",
	"manifest": "https://gitlab.com/riccisi/foundryvtt-magic-items/raw/master/module/module.json",
	"download": "https://gitlab.com/riccisi/foundryvtt-magic-items/-/jobs/artifacts/3.0.0/raw/magic-items.zip?job=build"
}
